Query,Assessment_url
Need a senior Python developer with strong analytical and problem-solving skills.,https://www.shl.com/solutions/products/assessments/python-test/
Need a senior Python developer with strong analytical and problem-solving skills.,https://www.shl.com/solutions/products/assessments/verify-numerical/
Need a senior Python developer with strong analytical and problem-solving skills.,https://www.shl.com/solutions/products/assessments/verify-verbal/
Need a senior Python developer with strong analytical and problem-solving skills.,https://www.shl.com/solutions/products/assessments/verify-inductive/
Need a senior Python developer with strong analytical and problem-solving skills.,https://www.shl.com/solutions/products/assessments/verify-deductive/
Need a senior Python developer with strong analytical and problem-solving skills.,https://www.shl.com/solutions/products/assessments/javascript-test/
Need a senior Python developer with strong analytical and problem-solving skills.,https://www.shl.com/solutions/products/assessments/teamwork/
Need a senior Python developer with strong analytical and problem-solving skills.,https://www.shl.com/solutions/products/assessments/cultural-fit/
Need a senior Python developer with strong analytical and problem-solving skills.,https://www.shl.com/solutions/products/assessments/opq32/
Need a senior Python developer with strong analytical and problem-solving skills.,https://www.shl.com/solutions/products/assessments/sjt/
"Hiring for a data scientist role requiring SQL, Python, and machine learning expertise.",https://www.shl.com/solutions/products/assessments/verify-inductive/
"Hiring for a data scientist role requiring SQL, Python, and machine learning expertise.",https://www.shl.com/solutions/products/assessments/python-test/
"Hiring for a data scientist role requiring SQL, Python, and machine learning expertise.",https://www.shl.com/solutions/products/assessments/sjt/
"Hiring for a data scientist role requiring SQL, Python, and machine learning expertise.",https://www.shl.com/solutions/products/assessments/verify-numerical/
"Hiring for a data scientist role requiring SQL, Python, and machine learning expertise.",https://www.shl.com/solutions/products/assessments/cultural-fit/
"Hiring for a data scientist role requiring SQL, Python, and machine learning expertise.",https://www.shl.com/solutions/products/assessments/cpp-test/
"Hiring for a data scientist role requiring SQL, Python, and machine learning expertise.",https://www.shl.com/solutions/products/assessments/verify-verbal/
"Hiring for a data scientist role requiring SQL, Python, and machine learning expertise.",https://www.shl.com/solutions/products/assessments/motivation-questionnaire/
"Hiring for a data scientist role requiring SQL, Python, and machine learning expertise.",https://www.shl.com/solutions/products/assessments/verify-g-plus/
"Hiring for a data scientist role requiring SQL, Python, and machine learning expertise.",https://www.shl.com/solutions/products/assessments/verify-deductive/
Looking for a customer success manager with excellent communication and relationship management.,https://www.shl.com/solutions/products/assessments/sjt/
Looking for a customer success manager with excellent communication and relationship management.,https://www.shl.com/solutions/products/assessments/teamwork/
Looking for a customer success manager with excellent communication and relationship management.,https://www.shl.com/solutions/products/assessments/management-simulation/
Looking for a customer success manager with excellent communication and relationship management.,https://www.shl.com/solutions/products/assessments/cpp-test/
Looking for a customer success manager with excellent communication and relationship management.,https://www.shl.com/solutions/products/assessments/python-test/
Looking for a customer success manager with excellent communication and relationship management.,https://www.shl.com/solutions/products/assessments/cultural-fit/
Looking for a customer success manager with excellent communication and relationship management.,https://www.shl.com/solutions/products/assessments/leadership/
Looking for a customer success manager with excellent communication and relationship management.,https://www.shl.com/solutions/products/assessments/customer-service/
Looking for a customer success manager with excellent communication and relationship management.,https://www.shl.com/solutions/products/assessments/mechanical-comprehension/
Looking for a customer success manager with excellent communication and relationship management.,https://www.shl.com/solutions/products/assessments/opq32/
Need a DevOps engineer familiar with cloud platforms and automation tools.,https://www.shl.com/solutions/products/assessments/sjt/
Need a DevOps engineer familiar with cloud platforms and automation tools.,https://www.shl.com/solutions/products/assessments/verify-numerical/
Need a DevOps engineer familiar with cloud platforms and automation tools.,https://www.shl.com/solutions/products/assessments/cultural-fit/
Need a DevOps engineer familiar with cloud platforms and automation tools.,https://www.shl.com/solutions/products/assessments/python-test/
Need a DevOps engineer familiar with cloud platforms and automation tools.,https://www.shl.com/solutions/products/assessments/teamwork/
Need a DevOps engineer familiar with cloud platforms and automation tools.,https://www.shl.com/solutions/products/assessments/motivation-questionnaire/
Need a DevOps engineer familiar with cloud platforms and automation tools.,https://www.shl.com/solutions/products/assessments/verify-deductive/
Need a DevOps engineer familiar with cloud platforms and automation tools.,https://www.shl.com/solutions/products/assessments/verify-inductive/
Need a DevOps engineer familiar with cloud platforms and automation tools.,https://www.shl.com/solutions/products/assessments/verify-checking/
Need a DevOps engineer familiar with cloud platforms and automation tools.,https://www.shl.com/solutions/products/assessments/opq32/
Hiring for a business analyst position requiring data analysis and stakeholder management.,https://www.shl.com/solutions/products/assessments/sjt/
Hiring for a business analyst position requiring data analysis and stakeholder management.,https://www.shl.com/solutions/products/assessments/cultural-fit/
Hiring for a business analyst position requiring data analysis and stakeholder management.,https://www.shl.com/solutions/products/assessments/verify-verbal/
Hiring for a business analyst position requiring data analysis and stakeholder management.,https://www.shl.com/solutions/products/assessments/python-test/
Hiring for a business analyst position requiring data analysis and stakeholder management.,https://www.shl.com/solutions/products/assessments/financial-reasoning/
Hiring for a business analyst position requiring data analysis and stakeholder management.,https://www.shl.com/solutions/products/assessments/motivation-questionnaire/
Hiring for a business analyst position requiring data analysis and stakeholder management.,https://www.shl.com/solutions/products/assessments/teamwork/
Hiring for a business analyst position requiring data analysis and stakeholder management.,https://www.shl.com/solutions/products/assessments/verify-numerical/
Hiring for a business analyst position requiring data analysis and stakeholder management.,https://www.shl.com/solutions/products/assessments/verify-inductive/
Hiring for a business analyst position requiring data analysis and stakeholder management.,https://www.shl.com/solutions/products/assessments/management-simulation/
Looking for a marketing manager with creative thinking and project management skills.,https://www.shl.com/solutions/products/assessments/python-test/
Looking for a marketing manager with creative thinking and project management skills.,https://www.shl.com/solutions/products/assessments/verify-inductive/
Looking for a marketing manager with creative thinking and project management skills.,https://www.shl.com/solutions/products/assessments/sjt/
Looking for a marketing manager with creative thinking and project management skills.,https://www.shl.com/solutions/products/assessments/java-test/
Looking for a marketing manager with creative thinking and project management skills.,https://www.shl.com/solutions/products/assessments/cpp-test/
Looking for a marketing manager with creative thinking and project management skills.,https://www.shl.com/solutions/products/assessments/verify-numerical/
Looking for a marketing manager with creative thinking and project management skills.,https://www.shl.com/solutions/products/assessments/javascript-test/
Looking for a marketing manager with creative thinking and project management skills.,https://www.shl.com/solutions/products/assessments/cultural-fit/
Looking for a marketing manager with creative thinking and project management skills.,https://www.shl.com/solutions/products/assessments/teamwork/
Looking for a marketing manager with creative thinking and project management skills.,https://www.shl.com/solutions/products/assessments/verify-checking/
Need a technical support specialist with troubleshooting abilities and customer service skills.,https://www.shl.com/solutions/products/assessments/sjt/
Need a technical support specialist with troubleshooting abilities and customer service skills.,https://www.shl.com/solutions/products/assessments/verify-calculation/
Need a technical support specialist with troubleshooting abilities and customer service skills.,https://www.shl.com/solutions/products/assessments/teamwork/
Need a technical support specialist with troubleshooting abilities and customer service skills.,https://www.shl.com/solutions/products/assessments/python-test/
Need a technical support specialist with troubleshooting abilities and customer service skills.,https://www.shl.com/solutions/products/assessments/verify-verbal/
Need a technical support specialist with troubleshooting abilities and customer service skills.,https://www.shl.com/solutions/products/assessments/verify-deductive/
Need a technical support specialist with troubleshooting abilities and customer service skills.,https://www.shl.com/solutions/products/assessments/customer-service/
Need a technical support specialist with troubleshooting abilities and customer service skills.,https://www.shl.com/solutions/products/assessments/leadership/
Need a technical support specialist with troubleshooting abilities and customer service skills.,https://www.shl.com/solutions/products/assessments/verify-numerical/
Need a technical support specialist with troubleshooting abilities and customer service skills.,https://www.shl.com/solutions/products/assessments/cultural-fit/
Hiring for a software architect role requiring system design and leadership capabilities.,https://www.shl.com/solutions/products/assessments/motivation-questionnaire/
Hiring for a software architect role requiring system design and leadership capabilities.,https://www.shl.com/solutions/products/assessments/sjt/
Hiring for a software architect role requiring system design and leadership capabilities.,https://www.shl.com/solutions/products/assessments/verify-verbal/
Hiring for a software architect role requiring system design and leadership capabilities.,https://www.shl.com/solutions/products/assessments/python-test/
Hiring for a software architect role requiring system design and leadership capabilities.,https://www.shl.com/solutions/products/assessments/teamwork/
Hiring for a software architect role requiring system design and leadership capabilities.,https://www.shl.com/solutions/products/assessments/verify-numerical/
Hiring for a software architect role requiring system design and leadership capabilities.,https://www.shl.com/solutions/products/assessments/cultural-fit/
Hiring for a software architect role requiring system design and leadership capabilities.,https://www.shl.com/solutions/products/assessments/leadership/
Hiring for a software architect role requiring system design and leadership capabilities.,https://www.shl.com/solutions/products/assessments/opq32/
Hiring for a software architect role requiring system design and leadership capabilities.,https://www.shl.com/solutions/products/assessments/customer-service/
Looking for an accounting professional with attention to detail and numerical reasoning.,https://www.shl.com/solutions/products/assessments/verify-inductive/
Looking for an accounting professional with attention to detail and numerical reasoning.,https://www.shl.com/solutions/products/assessments/sjt/
Looking for an accounting professional with attention to detail and numerical reasoning.,https://www.shl.com/solutions/products/assessments/cultural-fit/
Looking for an accounting professional with attention to detail and numerical reasoning.,https://www.shl.com/solutions/products/assessments/python-test/
Looking for an accounting professional with attention to detail and numerical reasoning.,https://www.shl.com/solutions/products/assessments/verify-numerical/
Looking for an accounting professional with attention to detail and numerical reasoning.,https://www.shl.com/solutions/products/assessments/teamwork/
Looking for an accounting professional with attention to detail and numerical reasoning.,https://www.shl.com/solutions/products/assessments/verify-deductive/
Looking for an accounting professional with attention to detail and numerical reasoning.,https://www.shl.com/solutions/products/assessments/verify-checking/
Looking for an accounting professional with attention to detail and numerical reasoning.,https://www.shl.com/solutions/products/assessments/opq32/
Looking for an accounting professional with attention to detail and numerical reasoning.,https://www.shl.com/solutions/products/assessments/financial-reasoning/
